,age_interval,avg_glucose_conc
0,"(20.94, 31.0]",114.87074829931973
1,"(31.0, 41.0]",126.47096774193548
2,"(41.0, 51.0]",125.56122448979592
3,"(51.0, 61.0]",140.1875
4,"(61.0, 71.0]",137.0
5,"(71.0, 81.0]",126.5
